{
    "name": "art-gallery",
    "title": "Art Gallery",
    "description": "Art Gallery allows you to finally show off all the character art you have collected!",
    "author": "FloRad",
    "version": "1.1.1",
    "minimumCoreVersion": "0.8.9",
    "compatibleCoreVersion": "9",
    "scripts": [],
    "esmodules": ["/scripts/gallery.js"],
    "styles": ["/styles/gallery.css"],
    "languages": [
        {
            "lang": "en",
            "name": "English",
            "path": "lang/en.json"
        }
    ],
    "manifest": "https://gitlab.com/florad-foundry/art-gallery/-/raw/master/module.json",
    "download": "https://gitlab.com/florad-foundry/art-gallery/-/raw/v1.1.1/package/art-gallery.zip",
    "url": "https://gitlab.com/florad-foundry/art-gallery/",
    "license": "https://gitlab.com/florad-foundry/art-gallery/-/blob/master/LICENSE",
    "readme": "https://gitlab.com/florad-foundry/art-gallery/-/blob/master/README.md",
    "bugs": "https://gitlab.com/florad-foundry/art-gallery/-/issues",
    "changelog": "https://gitlab.com/florad-foundry/art-gallery/-/blob/master/CHANGELOG.md"
}
